{

    "data": [
        {
            "drp": 10,
            "lgtd": 114.250000000,
            "lttd": 29.500000000,
            "hide": true
        },
        {
            "drp": 20,
            "lgtd": 114.275000000,
            "lttd": 29.475000000,
            "hide": true
        },
        {
            "drp": 30,
            "lgtd": 114.300000000,
            "lttd": 29.575000000,
            "hide": false
        }
    ]
}